,att_id,att_name,att_cat,att_price,score
30,11452241,Eat Like a Local: Kuala Lumpur Hawker Center and Street Food Tour by Night,tours_sightseeing,255.51,5.000000000000001
260,13335655,ESCAPE Admission Ticket,theme_parks,166.49,4.652091380399184
20,11449719,Penang Hill and Temple Tour,recommended_experiences,149.8,2.269130948359605
396,16722683,KL Hop On Hop Off City Tour,featured_tours_and_tickets,53.07,2.223974713767485
302,14128357,Dragon Back Trek,outdoor_activities,214.3,2.121317582240051
243,13198369,Langkawi Mangrove Forest and Cave Exploring Tour,luxury_special_occasions,149.37,1.5920916531514426
187,12905660,Petronas Twin Towers Admission Tickets (E-Tickets),featured_tours_and_tickets,119.49,1.4534076198588823
53,11471521,Half-Day Heritage Bike Tour in Kuching,walking_biking_tours,193.69,1.3542175891637627
405,16822076,Sunset Party Yacht Cruise,shore_excursions,317.43,1.2637530081427042
93,11841295,"Private Langkawi Tour with SkyBridge, Langkawi Cable Car",private_custom_tours,236.96,1.2363807453689815
100,11991123,Cheong Fatt Tze George Town Penang: The Blue Mansion Guided Tour,featured_tours_and_tickets,20.61,1.223120789387
32,11452959,Small-Group Food Trail Walking Tour in Kuala Lumpur,featured_tours_and_tickets,243.14,1.1905898372508252
512,17682752,Malaysian Cooking Classes,food_wine_nightlife,432.71,1.0281894705039414
529,17718163,Penang: Flexible 6-Hours Highlights,featured_tours_and_tickets,309.04,0.9364686555201911
52,11471161,Kuala Lumpur Food Tour Through Chow Kit,food_wine_nightlife,292.6,0.7908661562702598
102,11991714,Penang George Town All-In-One Heritage Tour By Bicycle & Trishaw (Metro Bike),walking_biking_tours,226.66,0.7805382870738509
232,13088933,Wonderfood Museum Penang Admission Ticket,sightseeing_tickets_passes,24.31,0.7632867066843186
91,11812460,Private Half-Day Batu Caves Waterfalls and Hot Springs Tour,featured_tours_and_tickets,377.67,0.7513301917868
174,12608953,6 Flights: Guided Zipline Eco Adventure in Langkawi,outdoor_activities,234.9,0.6543274244004171
72,11484318,Sunway Lagoon Malaysia One-Day Pass,featured_tours_and_tickets,177.18,0.6451718653946621
59,11474972,Half-Day Penang Countryside Cycling Tour,featured_tours_and_tickets,115.81,0.630931050326988
142,12468200,Private Tour: Kuala Lumpur with Petronas Twin Towers Observation Deck and Batu Caves,featured_tours_and_tickets,407.98,0.5910961074056434
56,11474094,"Day Tour Kuala Lumpur City, Batu Caves & Little India ",day_trips_excursions,370.9,0.5836793440517978
565,19086271,Langkawi: Flexible 6-Hours Tour,shore_excursions,325.52,0.5799080195458465
178,12649821,Full Day Batu Caves and Kuala Gandah National Conservation Tour ex Kuala Lumpur,luxury_special_occasions,515.07,0.5342010351997281
554,18912166,Batu Caves and the Old City of Kuala Lumpur,private_custom_tours,247.26,0.4823571250233413
360,15342653,Stray Asia: 9 Day Borneo Explorer Tour,multiday_extended_tours,7809.41,0.4738021455112322
536,17775280,"Monkey, Eagle & Firefly Private Tour",outdoor_activities,277.76,0.45290774889168167
233,13131236,Penang Hill Funicular Ticket,sightseeing_tickets_passes,31.94,0.4431227615956427
215,12961398,City Tour with Batu Cave and Fireflies Tour,private_custom_tours,412.11,0.42506341490024613
83,11764384,Private Tour: Full Day Center Penang Island Tour,private_custom_tours,412.05,0.41632747475468035
180,12650625,2 hour Small Group Segway Tour of Perdana Botanical Gardens,recommended_experiences,214.3,0.400033149889955
78,11486172,3-Hour Heritage on a Plate Dinner Hop in George Town Penang,walking_biking_tours,247.26,0.3995768143794991
333,15126852,Magical River Trek,outdoor_activities,329.68,0.36988353478535446
487,17516432,Kota Kinabalu Nanamun Fireflies Tour,outdoor_activities,164.84,0.3264634732272677
150,12469580,Half-Day Kuala Lumpur City Tour,featured_tours_and_tickets,43.27,0.32392740174099866
34,11454341,Langkawi Archipelago Jet Ski Tour Including Dayang Bunting Island,featured_tours_and_tickets,515.06,0.30934564634942086
412,16840385,Cameron Highlands Tour from Kuala Lumpur,private_custom_tours,439.39,0.30863229428709904
423,16912726,"French Village, Bukit Tinggi And Genting Highlands Tour",outdoor_activities,515.13,0.3075360400148545
90,11812458,Private Cooking Workshop and Market Tour in Kuala Lumpur,walking_biking_tours,248.71,0.294763890957843
76,11485352,Day Trip to Mount Kinabalu Poring Rainforest,outdoor_activities,325.56,0.2882860248036708
31,11452243,Eat Like A Local: Penang Street Food Tour,food_wine_nightlife,255.51,0.28761463462736797
420,16878011,Batu Caves and Genting Highland Tour,theme_parks,279.0,0.26858754193565987
293,14061658,Private Day Tour of Langkawi with Cable Car and Telaga Tujuh Waterfalls,featured_tours_and_tickets,309.04,0.26405041300986315
80,11487171,Half-Day Mangrove Safari Boat Tour in Langkawi,shore_excursions,181.33,0.2584537464620885
452,17372866,Fireflies Tour with Boat Ride & Seafood Dinner,outdoor_activities,284.35,0.2530616441086561
39,11461542,Guided Tour of Royal Selangor Visitor Center including Pewter Crafting Lesson,tours_sightseeing,75.42,0.24992761574661737
46,11467089,Kuala Lumpur Food Tour,cultural_theme_tours,239.02,0.24750431682902418
259,13315881,Private Kickstart Tour: Intro to Kuala Lumpur,walking_biking_tours,96.72,0.21628991886669338
228,13006591,The Habitat at Penang Hill Admission Ticket,sightseeing_tickets_passes,61.82,0.1928594507608739
50,11470871,Hot Air Balloon Flight over Serdang,featured_tours_and_tickets,947.71,0.1918838369109338
411,16840383,Genting Highlands Day Trip from Kuala Lumpur,private_custom_tours,262.1,0.1840946618186701
372,15678609,Half Day Guided Rock Climbing + Batu Caves,outdoor_activities,164.84,0.18341802640661486
217,12962337,Malaysia Countryside and Batu Caves Tour from Kuala Lumpur,featured_tours_and_tickets,43.27,0.16649689586948174
10,11449679,Batu Caves Tour from Kuala Lumpur,featured_tours_and_tickets,54.97,0.16614021983832086
245,13198371,Fascinating Kuala Lumpur Half Day Private Tour,private_custom_tours,103.03,0.16561045102733188
38,11459849,Mangrove Kayaking Tour from Langkawi,water_sports,249.94,0.16541375468661815
558,19011832,Private Tour : Kuala Lumpur with KL Tower Tickets!,private_custom_tours,412.11,0.16433323612163073
193,12923613,Lost World of Tambun Admission Ticket,sightseeing_tickets_passes,103.03,0.16422046355295486
106,11994948,KL Tower Observation Deck Admission Ticket,sightseeing_tickets_passes,74.18,0.1613985267181819
44,11465849,4-Hour Georgetown Food Tour,walking_biking_tours,296.72,0.15678271925609968
403,16804447, Walking Food Tour or Cooking Class. Book EITHER Here. Price is food-inclusive.,walking_biking_tours,206.05,0.1536250873331753
146,12468684,Private Tour: Malacca Historical Tour With Personal Chauffeur ,private_custom_tours,333.76,0.15062218986494566
337,15136396,Kinabalu Park and Poring Hot Spring,spa_tours,226.63,0.14604572167100624
63,11477736,Quad Biking Tour in Kiulu,outdoor_activities,412.11,0.14551857547789343
469,17428174,Ipoh Secrets Full Day Heritage Tour (MIXED GROUP/SIC),walking_biking_tours,200.35,0.14472916749716233
500,17555047,Nature Tour EcoRide Half Day with Twizy Electric Car: Pantai Cenang <-> Sky Cab,outdoor_activities,329.68,0.14290382545533892
385,15854988,Skytrex Adventure Park Experience in Melaka,outdoor_activities,90.29,0.14149285703795242
384,15854984,Skytrex Adventure Park Experience in Langkawi,outdoor_activities,90.29,0.13582800242539703
169,12471553,Skip the Line: Petronas Twin Towers Ticket With Free Hotel Delivery,tours_sightseeing,107.56,0.13015790257708923
8,11449673,3-Days Tour from Sabah: Sandakan Wildlife Wonders in Sepilok/Selingan & Sukau,multiday_extended_tours,3114.9,0.12015523799732702
255,13271355,Full Day A'Famosa Theme Park Experience,theme_parks,206.05,0.11561024121790178
154,12470428,Private Half-Day Temples and Cultural Tour in Kuala Lumpur,private_custom_tours,144.22,0.11191235001248366
51,11470981,Langkawi Private Day Tour,outdoor_activities,947.84,0.11175761555778886
110,12061739,Baba Nyonya Heritage Museum Tour Tickets,sightseeing_tickets_passes,22.86,0.10981950094728958
85,11807013,Discover the Best Local Food Tour by Night in Kuala Lumpur,featured_tours_and_tickets,142.75,0.10792334822280922
86,11807014,Private Half-Day: The Ultimate Kuala Lumpur Food Tour,private_custom_tours,271.69,0.10703165814490698
303,14131916,Jungle Mountain Waterfall Trek,outdoor_activities,379.14,0.10273056482796676
237,13137213,Parasailing Sensation - Double Flyers,water_sports,221.51,0.09546591331093968
111,12074338,Local Market and Food Walking Tour in Penang,walking_biking_tours,173.08,0.09404183180417228
580,19441627,"Penang ""Old"" Street Food Tour (Breakfast-Brunch-Lunch) by Bicycle and Trishaw",walking_biking_tours,185.45,0.09205388745402551
103,11992275,12 Flights: Zipline Eco Adventure in Langkawi,featured_tours_and_tickets,473.86,0.09142970439949394
92,11812461,Private Half-Day Tour: The Best of Kuala Lumpur,private_custom_tours,202.62,0.09126185685541822
258,13315814,Private Tour: Ipoh Secrets Full Day Heritage Tour,private_custom_tours,379.97,0.08379526376192505
194,12928642,Aquaria KLCC Admission Ticket (E-Ticket),sightseeing_tickets_passes,61.57,0.08090251624449513
184,12880465,Segway Tour: Guided Eco Ride at Putrajaya 'City in the Garden',recommended_experiences,309.08,0.07896177901611966
26,11450590,Kota Kinabalu International Airport Plaza Premium Lounge,recommended_experiences,141.96,0.07625785998577492
60,11475887,Fireflies Tour in Cherating,featured_tours_and_tickets,63.87,0.07613197432771814
159,12471211,Langkawi Sunset Dinner Cruise,cruises_sailing_water_tours,342.58,0.07207740709113912
77,11485510,Half-Day Mari Mari Cultural Village from Kota Kinabalu,tours_sightseeing,133.57,0.06921613098822339
17,11449707,Langkawi Cable Car/Skycab @ Oriental Village ,private_custom_tours,248.25,0.06562576711572878
441,17330149,Half Day Kuala Lumpur Tour Private,food_wine_nightlife,144.24,0.06309494086521213
292,14019337,Tambunan Quad Biking & Village Day Tour,outdoor_activities,543.98,0.061353522595426584
43,11464582,Day Tour Rainforest Taman Negara Free Batu Caves ,recommended_experiences,741.79,0.06038315398123884
498,17552967,Twilight Langkawi Cruise (with dinner & shared transfers) ,water_sports,321.98,0.05977732925184056
312,14212947,Off The Rail Kuala Lumpur,day_trips_excursions,255.51,0.0581145895183405
555,18924565,Genting Highlands Shuttle Transfer,transfers_ground_transport,48.42,0.05569391321862353
195,12931692,KL Tower Mini Zoo Admission Ticket in Kuala Lumpur,sightseeing_tickets_passes,33.75,0.05279067522968888
354,15301914,Full Day Payar Island from Langkawi,shore_excursions,247.23,0.05112531287831264
543,17823853,Flyboard Experience - TRIO (3 x 30mins),water_sports,820.09,0.04941274340516509
517,17686855,Dinawan Island by Speedboat from Kota Kinabalu Including Lunch,cruises_sailing_water_tours,288.47,0.04903770904887091
229,13006600,Underwater World Langkawi Admission Ticket,sightseeing_tickets_passes,38.53,0.04850269500212957
524,17715628,Base on Group: Kuala Lumpur Airport Departure Transfer,transfers_ground_transport,100.97,0.04794407739450258
207,12943485,Escape Room: Malaysia's First Real Life Escape Game,tours_sightseeing,33.38,0.04697108616243866
391,16647439,Explore art galleries in Kuala Lumpur,cultural_theme_tours,91.44,0.04570436172824224
192,12921039,One-Way Ferry Ticket from Langkawi to Penang with Hotel Transfer,transfers_ground_transport,212.77,0.04484676568273038
47,11467596,Mangrove Forest Kayaking Tour from Langkawi,water_sports,284.35,0.04309223432356391
481,17460110,Orang Utan Island and Perak Tong Cave From Kuala Lumpur,luxury_special_occasions,459.99,0.04177305753184383
218,12962346,Pulau Ketam (Crab Island) Tour from Kuala Lumpur including Lunch,recommended_experiences,360.59,0.04082629247854175
74,11484800,Batu Caves and Kuala Lumpur Countryside Tour,cultural_theme_tours,61.82,0.04075285917800862
252,13221963,Kuala Lumpur Bird Park E-Ticket Admission,sightseeing_tickets_passes,62.85,0.040236203456400554
170,12471643,Private Guided Kuala Lumpur Day Trip With Skip-the-Line Petronas Twin Towers,private_custom_tours,367.19,0.03963300134487845
114,12463715,3-Night Cameron Highlands and Penang Tour from Kuala Lumpur,multiday_extended_tours,1877.97,0.038515766129624464
407,16823200,Aquaria KLCC Admission Ticket,sightseeing_tickets_passes,48.22,0.03713626912675218
236,13137212,Parasailing Sensation - Single Flyer,water_sports,271.99,0.03708381676922851
121,12463730,Penang Tour: Penang Hill and Kek Lok Si Temple,private_custom_tours,253.61,0.03631538973150688
162,12471375,Genting Highlands Day Trip from Kuala Lumpur with Skyway Cable Car Ride,featured_tours_and_tickets,103.01,0.036299654024249776
322,15005613,Private Discover Magical Islands Jet Ski,water_sports,1566.0,0.03621573025221192
400,16796099,Coach Service,day_trips_excursions,1236.32,0.035882657781936673
569,19149426,Cameron Highlands Day Tour from Kuala Lumpur (SIC - Join In Tour) ,day_trips_excursions,362.65,0.03492540225712985
486,17475880,"Scuba Try Dive - PADI Discover Scuba Diving DSD in Kota Kinabalu, Malaysia",water_sports,366.77,0.03488081775323474
327,15041375,Large XXL MPV Airport Transfer KLIA Klia2 to Kuala Lumpur City Center,transfers_ground_transport,254.51,0.03399961814683723
519,17687767,Island Hopping 3 Days (Snorkelling),transfers_ground_transport,527.5,0.03360360284753359
95,11856870,Tunku Abdul Rahman Marine Park PADI Discover Scuba Diving with Two Reef Dives,water_sports,391.5,0.03335183153142002
190,12917993,Kuala Lumpur Private City Highlights Tour,day_trips_excursions,267.87,0.03192775002465261
16,11449705,Langkawi Island Hopping Tour ,cruises_sailing_water_tours,171.19,0.031872675049252765
431,17018623,❤️Kuala Lumpur Instagram Tour: Most Famous Spots (Private & All-Inclusive),private_custom_tours,383.26,0.030338443591685676
161,12471352,Private Full-Day Cameron Highlands Nature Tour from Kuala Lumpur,private_custom_tours,503.94,0.03028336861628583
5,11449658,Semonggoh Orangutan Rehabilitation Centre Tour from Kuching,sightseeing_tickets_passes,135.99,0.030265010291152545
427,16913150,A'Famosa Safari Wonderland in Melaka Admission Ticket,theme_parks,57.86,0.029535922521573655
483,17473378,Learn to Dive with a PADI Open Water Diver Course (3 Days) in Kota Kinabalu,water_sports,1314.62,0.02942314995289778
238,13147286,Penang Airport Transfer - Arrival,transfers_ground_transport,44.1,0.028804212134118583
152,12470149,Semenggoh Orangutan Centre from Kuching,family_friendly,193.69,0.02863898720791905
480,17460109,KLCC Lake of Symphony and The River Of Life Tour,private_custom_tours,94.9,0.02789678634895924
409,16823283,Semenggoh Wildlife Centre & Annah Rais Longhouse,cultural_theme_tours,184.23,0.02734079135920843
316,14861251,Happyyen's Self-Awareness in the Rain Forest Tour,day_trips_excursions,576.95,0.02691068202751441
148,12468919,Langkawi Wildlife Park Admission Ticket,family_friendly,36.26,0.025861634877041184
257,13296421,Private Day Trip to Melaka With a Local,local_experiences,640.2,0.02562559926818471
329,15073206,KL Tower Admission Ticket,sightseeing_tickets_passes,38.12,0.02537120533419495
104,11992399,Batu Caves & Firefly Cruise from Kuala Lumpur with Seafood Dinner,luxury_special_occasions,515.12,0.025143037578967024
539,17814291,Firefly River Cruise Ticket@Kota Tinggi Firefly Park,sightseeing_tickets_passes,25.76,0.024851926994710706
430,17018621,⭐Malacca Instagram Tour: Most Famous Spots (Private & All-Inclusive),private_custom_tours,762.4,0.02475489013329193
474,17446952,"Guided Snorkeling Day Trip, Kota Kinabalu, Sabah, Malaysia",water_sports,247.26,0.024705060393644455
99,11990831,Fun Filled Kayaking Adventure in Kuching,water_sports,195.08,0.024057273778227237
404,16808119,Skip the Line: Encore Ticket Melaka (mykad Holders),sightseeing_tickets_passes,149.36,0.02378714413698038
542,17823852,Flyboard Experience - SINGLE (30mins flight) + GoPro Videos + Photos,water_sports,535.74,0.02318656464333446
485,17474672,Cameron Highland Sightseeing Tour From Ipoh,private_custom_tours,309.04,0.02297413259536363
340,15142434,3-Day Borneo Cave and Pinnacles Adventure with Waterfall Hunting in Orou Sapulot,multiday_extended_tours,2618.3,0.022761700547392804
28,11450593,Kuala Lumpur International Airport Plaza Premium Lounge,transfers_ground_transport,156.19,0.022612211328450368
9,11449677,Kuala Lumpur City Highlights Tour,tours_sightseeing,54.97,0.022575494678183806
123,12464504,Skip the Line: Kuala Lumpur Petronas Twin Towers Admission Ticket with Delivery,tours_sightseeing,123.63,0.021977537802414068
553,18911008,2D1N Mount Kinabalu Climbing,outdoor_activities,2555.06,0.02195393424152842
210,12944458,Kuala Lumpur Airport Transfer to Your Hotel,transfers_ground_transport,50.69,0.021563164177977143
36,11457511,Afternoon Birdwatching Tour in Langkawi,outdoor_activities,255.12,0.021442523755672724
425,16912824,Mount Kinabalu Climb 2D1N Package,multiday_extended_tours,2431.43,0.02126680835796846
574,19349533,2d1n Mount Kinabalu Via Ferrata - Walk The Torq,outdoor_activities,2967.16,0.021117319139026022
305,14170363,Langkawi Return Airport Transfers (Airport-Hotel-Airport),transfers_ground_transport,65.94,0.02110682866752129
375,15767002,The Gravityz- World's Highest Rope Course Challenge,sightseeing_tickets_passes,177.21,0.021007169188226333
506,17591028,AG Island Transporters ,transfers_ground_transport,741.79,0.020834076408398253
307,14179978,Traditional Malaysian Cooking Class including Wet Market & Authentic Breakfast,food_wine_nightlife,593.43,0.019997461305895855
331,15125777,Private Fireflies Tour: Kuala Selangor Day Trip including riverside dinner,shore_excursions,455.89,0.019866330412086703
535,17774913,New Malaysian Kitchen Cooking Class & Garden Tour,food_wine_nightlife,432.71,0.019782406640048843
468,17428082,Batu Caves Half Day Tour,luxury_special_occasions,41.21,0.01976142569703938
29,11450599,Penang International Airport Plaza Premium Lounge,recommended_experiences,141.96,0.019339184218973907
132,12466332,Private Half-Day Kuala Lumpur City Exploration Tour,cultural_theme_tours,111.27,0.019045451016841405
346,15153881,Museum of Illusions Kuala Lumpur,family_friendly,44.54,0.018715001164442337
188,12909595,Segway Tour: Guided Eco Ride at KL Lake Gardens including Islamic Arts Museum,cultural_theme_tours,243.14,0.018670416660547227
69,11482502,Batik Bag Painting Workshop by myBatik,featured_tours_and_tickets,119.49,0.018560266709747537
383,15854281,"Labuk Bay Proboscis, Sepilok Orang Utan & Sun Bear + Sandakan City Tour + Lunch",sightseeing_tickets_passes,479.07,0.01749286123414103
61,11476706,3-Day PADI Open Water Diver Course in Kota Kinabalu,water_sports,1236.32,0.016847697236599995
456,17400460,"Private Tour: Batu Caves,Hot Spring, Monkey & Fireflies Tour with Dinner",walking_biking_tours,329.68,0.016485775969686735
572,19278814,Airport transfer,private_custom_tours,104.67,0.015539010916384648
200,12939215,Farm in the City Admission Ticket,family_friendly,61.32,0.015460332380099157
164,12471461,Private Half-Day Batu Caves and Cutural Tour in Kuala Lumpur,private_custom_tours,144.24,0.015156108706461922
414,16861870,THE TOP Komtar Penang Admission Ticket with Rainbow Skywalk,sightseeing_tickets_passes,66.23,0.014272286482188229
45,11466049,Kuala Lumpur Heritage Walk,walking_biking_tours,239.02,0.01352746300535224
342,15149912,Langkawi Sky Cab (Cable Car) Admission Ticket,sightseeing_tickets_passes,108.43,0.01334912498977179
370,15633618,"Bicycle Tour, City & Countryside",walking_biking_tours,267.87,0.012669866959840376
503,17576009,NEUTRA Body Massage Service Available ,spa_tours,100.59,0.012596433659307252
13,11449687,Historical Malacca Tour with Lunch from Kuala Lumpur,recommended_experiences,257.57,0.012536113448155042
473,17446473,So Hammam Rituals,spa_tours,395.62,0.012520377740897943
246,13198501,Yummy Yummy Street Food Tour - Kuala Lumpur By Night (Guided Tour & Transport) ,food_wine_nightlife,198.12,0.01249415156213611
267,13416183,Private VIP Tour in Kuala Lumpur with Local Guide,local_experiences,1004.05,0.012147966002479948
317,15000950,2D1N Private Sandakan Sightseeing Tour with Kinabatangan River Cruise,multiday_extended_tours,643.92,0.012085023173451554
492,17517281,Bike Food Tour,walking_biking_tours,247.26,0.012014212490794611
70,11482503,Batik Coloring Workshop by myBatik,walking_biking_tours,45.33,0.011883081596985458
3,11449649,Sandakan and Orang Utan Sanctuary from Kota Kinabalu,family_friendly,439.55,0.011709988817157376
62,11476707,Tunku Abdul Rahman Marine Park Snorkeling with Coral Flyer Zipline,water_sports,288.47,0.011631310280871884
491,17516625,Mantanani island & Kawa Fireflies Sunset tour by Power Catamaran,outdoor_activities,494.53,0.011397897289891592
321,15005612,Shared Discover Magical Islands Jet Ski,water_sports,1174.5,0.011390029436263042
1,11449646,Kota Kinabalu City Tour,cultural_theme_tours,116.21,0.011353312785996479
211,12944488,KL Tower Admission Ticket and Transfer from Kuala Lumpur Hotel,recommended_experiences,131.87,0.011295615192720453
109,11995296,Koh Lipe Island Exploration Tour from Langkawi,water_sports,824.21,0.011101541469882905
35,11456226,Half Day Batu Caves Tour,cultural_theme_tours,51.51,0.010904845129169175
81,11764281,Fun Boat Snorkeling and Island Visit from Kota Kinabalu,water_sports,249.94,0.010883864186159711
397,16741582,Discover The Forbidden City Tour,luxury_special_occasions,226.66,0.010881241568283528
264,13382683,Historical Malacca Tour from Kuala Lumpur,cultural_theme_tours,329.68,0.010695035699074531
118,12463722,Batu Caves and Malaysian Crafts Tour from Kuala Lumpur,cultural_theme_tours,42.86,0.010684545227569798
73,11484653,Mari Mari Cultural Village Traditional Living,recommended_experiences,267.87,0.01062684763429377
299,14120841,Full Day Heritage Tour of Johore Bahru with Lunch,walking_biking_tours,603.52,0.01052456553712263
224,12990313,Colonial Penang Museum Admission Ticket,sightseeing_tickets_passes,29.26,0.010398679879065844
171,12471778,"Petronas Twin Towers Skybridge, KL Tower, and Kuala Lumpur City Tour",private_custom_tours,494.53,0.010388189407561112
562,19059190,Langkawi Island Tour to Geopark,day_trips_excursions,721.19,0.010141663327199905
82,11764314,Half-Day George Town History Private Tour,tours_sightseeing,257.57,0.01006036217303823
417,16873125,History Walk Around George Town,walking_biking_tours,103.03,0.009997419344009835
2,11449648,Kinabalu Park and Poring Hot Spring with Lunch from Kota Kinabalu,food_wine_nightlife,326.47,0.009942344368609992
235,13136015,Langkawi Jet Ski Experience,water_sports,222.54,0.009868911068076866
387,15884203,A Taste of Sarawak: Kuching Food by Foot,cruises_sailing_water_tours,131.87,0.00985579797869595
521,17688390,2 days 1 night Batang Ai Iban Longhouse with Semenggoh Wildlife Centre,sightseeing_tickets_passes,957.99,0.009850552742943584
454,17400276,Local Village and Farms (Kampung) Tour with Electric Bicycle - Langkawi Ecoride,walking_biking_tours,206.05,0.00982957179993412
84,11764568,Private Tour: Bukit Tabur Hike with a Local from Kuala Lumpur,outdoor_activities,207.26,0.00976925158878191
410,16823284,Wetland Wildlife Cruise,outdoor_activities,267.13,0.009732534938515346
94,11854369,Private Half-Day Langkawi Island Hopping by Boat,private_custom_tours,107.15,0.009714176613382065
203,12939704,Mini Kuso Trick Art Gallery Admission Ticket,sightseeing_tickets_passes,26.37,0.009711553995505882
125,12464996,Fireflies and Kuala Selangor Tour Including Dinner,recommended_experiences,259.63,0.009677459963115502
120,12463724,Kuala Selangor Tour from Kuala Lumpur with Fireflies Boat Ride and Seafood Dinner,outdoor_activities,245.74,0.009475518386649406
520,17687774,Island Hopping 2 Days (Snorkelling),transfers_ground_transport,362.65,0.009113597119736144
197,12934918,Entopia by Penang Butterfly Farm Official Admission Ticket,family_friendly,59.44,0.009069012615841032
22,11449728,ESCAPE Theme Park with One-Way Transfer from Penang,theme_parks,242.11,0.009055899526460116
350,15186816,Private Ultimate Multicultural Food Tour for Families,walking_biking_tours,216.47,0.009027050729822102
490,17516622,Sepanggar island day tour by Mini-Disney Catamaran,cruises_sailing_water_tours,494.53,0.008958862665041343
253,13234736,Malaysia Cultural Show with Buffet Dinner,cultural_theme_tours,309.08,0.008945749575660427
467,17419599,Cooler Lumpur by Night Vespa Food Tour by Vespalicious,featured_tours_and_tickets,412.05,0.008901165071765315
353,15197802,Kuala Lumpur Heritage Trail (Private Guide),cultural_theme_tours,494.53,0.008785769885213261
0,11449623,LEGOLAND® Malaysia Admission with Transport from Singapore,family_friendly,280.42,0.00876741156007998
57,11474116,The Foundry Workshop Guided Tour at Royal Selangor Visitor Center,cultural_theme_tours,166.49,0.008743807999194332
136,12467422,3-Day Adventure in Tabin Wildlife Reserve,multiday_extended_tours,3039.28,0.008738562763441966
545,17988861,14 Attractions Full-Day Malacca Historical Tour,cultural_theme_tours,267.87,0.008735940145565783
552,18834229,Historical Melaka Tour with Lunch (SIC - Join In Tour),tours_sightseeing,157.63,0.008735940145565783
369,15615897,The Ultimate Private Layover Kuala Lumpur Tour,walking_biking_tours,460.57,0.00872544967406105
167,12471468,Malacca Day Trip from Kuala Lumpur,luxury_special_occasions,150.42,0.008709713966803952
223,12978979,Penang Island 4 Hours City Tour,luxury_special_occasions,115.39,0.008691355641670671
459,17401848,"Batu Caves,Waterfalls and Hot Springs Tour With Lunch",private_custom_tours,197.12,0.008599564016004263
116,12463719,"Kuala Lumpur Nature Tour: Orchid Garden, Butterfly Park and Bird Park",recommended_experiences,185.98,0.008575960455118615
368,15615896,The Best of Kuala Lumpur Tour with a Private Driver,cultural_theme_tours,455.97,0.008554979512109151
285,13969184,Penang City & Temple Tour With Penang Hill(Fast Lane),luxury_special_occasions,282.29,0.008499904536709306
488,17516435,Kota Kinabalu Muara Bay Fireflies Tour,luxury_special_occasions,177.21,0.008465810504318928
416,16862487,Make Nyonya Kuih in Melaka,food_wine_nightlife,123.63,0.008447452179185645
14,11449696,Kuala Lumpur International Airport Transfer: Airport (KLIA/KLIA2) to Hotel ,transfers_ground_transport,131.87,0.008389754585909619
339,15142299,Full Day Walk in Kinbalu Park and Poring Hot Spring and Canopy,featured_tours_and_tickets,246.87,0.008329434374757408
549,18474115,Aquaria KLCC Admission Ticket in Kuala Lumpur (E-Ticket),sightseeing_tickets_passes,39.15,0.008303208195995577
518,17686856,Half-Day Mari Mari Cultural Village Traditional Living from Kota Kinabalu,cultural_theme_tours,206.05,0.008266491545729015
268,13425693,Padas White-Water Rafting from Kota Kinabalu with Lunch ,water_sports,337.93,0.008232397513338634
37,11457512,Half-Day Jungle Trek from Langkawi,outdoor_activities,164.6,0.008227152277586268
336,15135878,Island Hopping,featured_tours_and_tickets,226.63,0.008216661806081537
352,15194055,"""Waterfall In The Rainforest"" Templer Park & Batu Caves",outdoor_activities,182.88,0.00820354871670062
279,13812792,Hike & swim in rainforest waterfalls,walking_biking_tours,206.05,0.008187813009443523
439,17330146,Cameron Highland Day Tour Private,outdoor_activities,453.32,0.008174699920062607
249,13203159,Ivory Shore - Pangkor Island,luxury_special_occasions,533.41,0.008122247562538945
567,19147318,KL & PUTRAJAYA Sightseeing ,transfers_ground_transport,185.45,0.008119624944662762
221,12965196,Day Trip from Port Klang Terminal to Kuala Lumpur City with Lunch,luxury_special_occasions,255.51,0.00809077614802475
513,17683153,Kuala Lumpur City Tour,cultural_theme_tours,247.1,0.00805668211563437
502,17575314,Explore Hidden Pinnacles at Bukit Takun + Batu Caves,outdoor_activities,247.26,0.008022588083243989
153,12470242,Kuala Selangor Firefly Boat Tour with Dinner and Transfer from Kuala Lumpur,luxury_special_occasions,206.05,0.008009474993863074
15,11449704,Langkawi Mangrove Forest and Eagle Watching with Lunch,cruises_sailing_water_tours,214.25,0.008001607140234525
442,17330151,Full Day 8 Hours Kuala Lumpur City Tour Private,shore_excursions,350.29,0.007930796457577582
318,15001474,Langkawi Half Day City Tour,luxury_special_occasions,66.51,0.007833759596158809
366,15567328,Kuala Lumpur International Airport To Kuala Lumpur Hotel Transfer,transfers_ground_transport,123.63,0.007812778653149345
584,19708737,Private Transfer: Penang International Airport to or from Penang Hotel,transfers_ground_transport,123.63,0.0077813072386351476
343,15149916,Pinang Peranakan Museum Admission Ticket,sightseeing_tickets_passes,32.6,0.00774983582412095
254,13236073,Cruise Layover Tour from Port Klang,shore_excursions,309.08,0.007660666816330727
364,15546201,Kinabatangan River Wildlife Adventure and Stay at an Eco-lodge ,multiday_extended_tours,700.58,0.007658044198454544
89,11812457,Private Tour: Discover the Magic of Kuala Lumpur by Night,walking_biking_tours,175.02,0.0076554215805783605
88,11807021,Night Frogs Tour at Kubah National Park,outdoor_activities,346.17,0.0076265727839403465
334,15135777,Proboscis Monkey and Fireflies River Cruise,outdoor_activities,185.45,0.007618704930311797
311,14207853,Kuala Lumpur International Airport Arrival or Departure Transfer ,transfers_ground_transport,82.42,0.007566252572788137
23,11449729,Shared Transfer: Penang Beach and City Hotels to Penang Airport,transfers_ground_transport,43.93,0.00752691330464539
451,17372799,Tropical Fruit Farm DIY Enzymes Workshop,food_wine_nightlife,379.14,0.007495441890131193
79,11486435,A Bite of Borneo Walking and Biking Small Group Food Tour of Kuching,walking_biking_tours,181.33,0.0074718383292455455
418,16878009,Cameron Highland Private Day Tour,sightseeing_tickets_passes,440.95,0.007450857386236081
388,15884331,"Magnificent 7 Tier Waterfall,Hot Spring & Bamboo Biryani Lunch out of city tour ",food_wine_nightlife,806.0,0.007385291939331505
421,16878587,Private Tour : Hop In! Let's Go! KL City,food_wine_nightlife,350.29,0.007372178849950589
135,12467127,Private Tour: Kuala Selangor Firefly Blinkings including Seafood Dinner,private_custom_tours,370.9,0.007353820524817308
175,12647918,Klias Proboscis Monkey and Firefly Cruise from Kota Kinabalu City,cruises_sailing_water_tours,271.74,0.00729612293154128
105,11992400,Private Johor Premium Outlets Shopping Tour from Kuala Lumpur,shopping_fashion,667.53,0.007225312248884338
108,11995250,Penang Highlights by Trishaw from George Town,tours_sightseeing,154.54,0.007212199159503423
189,12909596,Segway Tour: Guided Eco Ride at KL Lake Gardens including KL Bird Park,outdoor_activities,284.35,0.007170237273484493
58,11474866,Half-Day Private Kuala Lumpur City Tour,private_custom_tours,189.57,0.007164992037732128
361,15358691,Kiulu White River Rafting,water_sports,185.45,0.007133520623217931
504,17576093,Guided Tour & Transporters ,transfers_ground_transport,82.42,0.007033861143922975
177,12648212,North Borneo Cruises City Night Dinner Cruise,featured_tours_and_tickets,222.48,0.007031238526046792
461,17404877,Tropical Spice Garden Official Admission Ticket,sightseeing_tickets_passes,36.58,0.007002389729408778
578,19403225,"Museum of Illusions Kuala Lumpur , Bukit Bintang",sightseeing_tickets_passes,44.51,0.006973540932770764
478,17459887,Ipoh City Tour ,private_custom_tours,206.05,0.006955182607637483
226,12996526,Dining Experience at Atmosphere 360 Restaurant in Menara Kuala Lumpur,food_wine_nightlife,279.82,0.0069525599897612995
365,15567252,Penang Rainbow Skywalk at The Top Komtar Observation Deck Tickets,sightseeing_tickets_passes,82.42,0.0069525599897612995
176,12648211,North Borneo Cruises Sunset Dinner Cruise,cruises_sailing_water_tours,304.81,0.0069342016646280185
438,17330069,Private Tour : Half-Day Kuala Lumpur City Tour ,cultural_theme_tours,135.99,0.006928956428875652
424,16912823,Maliau Basin Adventure - 3 Days,multiday_extended_tours,3255.64,0.006926333810999469
208,12943740,Laser Battle Experience in Kuala Lumpur,shows_concerts_sports,34.2,0.00688437192498054
71,11484137,SeaTango Sunset Cruise in Kota Kinabalu,luxury_special_occasions,280.42,0.00688437192498054
248,13202993,Kota Kinabalu Cultural Night Tour,tours_sightseeing,255.51,0.006879126689228174
544,17825662,Temuan Village Trail with Native Guides,outdoor_activities,206.05,0.006866013599847259
444,17331391,Total Reflection - Sky Mirror Experience at Kuala Selangor,cruises_sailing_water_tours,461.56,0.00685814574621871
527,17717567,Batu Caves Tour from Kuala Lumpur,private_custom_tours,72.12,0.006855523128342526
359,15305536,Private Transfer : Kuala Lumpur Airport to Marina Island Jetty (Lumut),transfers_ground_transport,309.08,0.006852900510466343
290,14011284,Malaysian Batik Experience-Hankerchief,classes_workshops,61.81,0.006810938624447415
212,12948107,Private Night Tour: Petronas Twin Tower Cultural Dance And Shopping,walking_biking_tours,494.53,0.006766354120552303
160,12471303,Day Trip Snorkelling to Payar Island Marine Park from Langkawi,water_sports,458.47,0.006724392234533373
128,12465095,Private Transfer: Kuala Lumpur International Airport to or from Hotel,transfers_ground_transport,183.39,0.006711279145152458
96,11860559,Private Tanjung Rhu Village and Mangroves by Boat in Langkawi,private_custom_tours,257.57,0.006711279145152458
484,17473379,"Leisure Diving, 3 Dives at Tunku Abdul Rahman Marine Park in Kota Kinabalu",water_sports,387.38,0.006703411291523909
124,12464599,Kuala Lumpur City Tour,tours_sightseeing,98.91,0.00666144940550498
437,17223589,Borneo Wildlife Tour 3 Days 2 Nights At Tanjung Bulat Jungle Camp Kinabatangan,multiday_extended_tours,597.55,0.006656204169752614
240,13166260,Price For 1 Vehicle Airport Transfer Taxi & Van Service,tours_sightseeing,247.26,0.0066247327552384164
112,12463712,KL Tower Revolving Restaurant Buffet Dinner and Central Market Night Tour,recommended_experiences,468.77,0.006593261340724219
241,13166273,Kuala Lumpur International Airport Departure Transfer From Kuala Lumpur,transfers_ground_transport,50.69,0.006572280397714755
547,18273137,Kuala Lumpur Airport Luggage Delivery Service by Luggez,transfers_ground_transport,61.82,0.006569657779838572
149,12468948,Skip the Line: Petronas Twin Towers & Kuala Lumpur Tower Observation Deck Ticket,sightseeing_tickets_passes,206.05,0.0065670351619623885
287,13989039,Kuala Lumpur City Tour with Batu Caves (Private),cultural_theme_tours,156.6,0.006553922072581474
413,16861070,Annah Rais Longhouse,cultural_theme_tours,138.17,0.0065486768368291075
276,13805192,Sunway Lagoon Theme Park,theme_parks,362.65,0.006519828040191094
389,15885328,Putrajaya City Tour from Kuala Lumpur,day_trips_excursions,185.45,0.006504092332933996
453,17399588,Kuala Lumpur Cruise Excursions from Port Klang for KL City Tour,shore_excursions,339.99,0.006488356625676898
338,15142298,Kinabalu Park With Rumah Terbalik & Desa Cow Farm,day_trips_excursions,246.89,0.006488356625676898
225,12990627,Admission Ticket for Dark Mansion Glow-in-the-Dark Museum in Penang,sightseeing_tickets_passes,36.27,0.006462130446915067
107,11995219,Kota Kinabalu Park and Poring Hot Springs Tour,outdoor_activities,443.01,0.006462130446915067
209,12943754,Kuala Lumpur and Batu Caves Highlights,recommended_experiences,288.47,0.006462130446915067
41,11462358,Kuala Lumpur International Airport Transfer,transfers_ground_transport,296.72,0.006446394739657968
455,17400459,Private Tour : City and Batu Caves Tour,private_custom_tours,198.47,0.006435904268153237
579,19405320,Nature @ Night with City View,outdoor_activities,156.6,0.006435904268153237
230,13072648,ATV Adventure Ride Park Kampung Kemensah from Kuala Lumpur,luxury_special_occasions,276.07,0.0064332816502770535
332,15126590,2Days 1Night Cameron Highland and Penang Island Private Tour from Kuala Lumpur,private_custom_tours,1751.45,0.00643065903240087
156,12470874,Luxury private day tour: Kuala Lumpur and Malacca from Singapore (6:00AM pickup),walking_biking_tours,3560.15,0.006425413796648504
381,15830443,Batu Ferringhi's hidden gems,featured_tours_and_tickets,144.22,0.006399187617886673
499,17553033,Kuala Lumpur International Airport to Malacca Hotels / Apartments,transfers_ground_transport,144.24,0.006391319764258125
75,11484962,3-Hour Heritage on a Plate Lunch Hop in George Town Penang,walking_biking_tours,247.26,0.006378206674877209
348,15186523,Zoo Negara Admission Ticket,family_friendly,78.3,0.0063755840570010255
214,12957814,Malacca Tour With Local Lunch,local_experiences,432.71,0.006328376935229731
216,12961399,Half Day City Tour ( 4 hours ),cultural_theme_tours,103.03,0.006296905520715533
523,17715618,Genting Highlands City to Kuala Lumpur City Hotels En-route Batu Caves,transfers_ground_transport,144.24,0.006289037667086985
546,18271407,Weston Kota Kinabalu Proboscis Monkey & Fireflies Tours Private ,transfers_ground_transport,309.08,0.006283792431334619
182,12651121,Rainforest Jungle Trekking,outdoor_activities,206.05,0.006265434106201338
482,17472094,Activities on Offer,water_sports,20.61,0.006252321016820422
202,12939362,"Private Full Day Sepilok Orang Utan, Bornean Sun Bear and Rainforest Discovery Center Tour",featured_tours_and_tickets,412.11,0.0062496983989442385
450,17372797,Skip the Line: Tropical Fruit Farm Ticket,sightseeing_tickets_passes,57.69,0.006226094838058591
394,16722512,Kuala Gandah Elepehant Tour Private (grouping),outdoor_activities,1236.32,0.0062208496023062245
349,15186630,"ATV Borneo, Desa Cattle Dairy Farm and Nabalu Town",outdoor_activities,560.46,0.006205113895049127
270,13434940,Batu Cave & Royal Selangor Pewter and Batik Visit,cultural_theme_tours,103.03,0.006181510334163479
358,15304921,Penang: George Town City Half-Day Attractions,shore_excursions,206.02,0.006176265098411113
398,16749910,Langkawi Half Day Island Hoping Tour- Sharing basis,featured_tours_and_tickets,74.18,0.006160529391154015
21,11449721,Monkey Beach Excursion with BBQ Lunch from Penang,cruises_sailing_water_tours,280.03,0.006089718708497073
11,11449680,Private Batu Caves Tour from Kuala Lumpur,private_custom_tours,149.84,0.0060477568224781425
227,13000636,Langkawi Private City Tour,luxury_special_occasions,98.91,0.0060477568224781425
298,14100943,Rainforest Afterdark,outdoor_activities,205.75,0.006045134204601959
355,15303278,Private Mangrove Cruise with Fireflies Tour Including Seafood Dinner from Sandakan,private_custom_tours,257.57,0.0060398889688495945
505,17587629,Jungle Trek + Waterfall + Batu Caves,walking_biking_tours,156.6,0.006003172318583031
382,15846974,Bornean Sun Bear Conservation Centre & Sepilok Orang Utan Rehab Centre Tour,outdoor_activities,345.8,0.005958587814687919
239,13159818,Private Tour : Kuala Lumpur Highlights with Local Guide,recommended_experiences,262.72,0.005955965196811736
586,19765105,Fireflies & Kuala Selangor (SIC - Join In Tour) ,outdoor_activities,230.78,0.005950719961059369
220,12965195,Jungle Trek to a Waterfall With Jungle Guide at The Dusun From Kuala Lumpur,outdoor_activities,346.17,0.005929739018049905
464,17404880,The Rift Virtual Reality Adventure Center Day Pass Admission Ticket,family_friendly,60.81,0.005927116400173722
98,11990830,"True Sarawak Experience Day Tour, Including Lunch",family_friendly,301.76,0.005900890221411891
141,12467867,Half-Day Mari Mari Cultural Village Tour from Kota Kinabalu,cultural_theme_tours,298.78,0.005851060481764413
179,12649824,Silver Leaf Monkeys and Firefly Tour with Boat Ride and Seafood Dinner ,recommended_experiences,484.64,0.005819589067250216
4,11449657,Traditional Bidayuh Village Bamboo Longhouse Tour from Kuching,recommended_experiences,164.84,0.005819589067250216
191,12918049,Funtasy House Trick Art Admission Ticket,sightseeing_tickets_passes,18.34,0.005816966449374033
289,14007508,Elephant Santuary and Batu Cave from Kuala Lumpur,private_custom_tours,309.08,0.005756646238221823
534,17772660,Kuala Lumpur (19 Attractions) Sightseeing Tour from Port Klang,shore_excursions,259.63,0.005756646238221823
274,13553082,"The Great Kuala Lumpur Tour with Batu Caves , KL Tower Ticket & Buffet Lunch",private_custom_tours,391.5,0.005740910530964724
526,17715763,"Monkey Hill, Eagle &Firefly Tour+Free Batu Caves Visit.",transfers_ground_transport,497.66,0.005704193880698162
470,17428223,Experience Real Cameron Highland from Ipoh,food_wine_nightlife,309.08,0.0056910807913172455
145,12468683,Private Cultural Night Tour With Petronas Twin Towers Traditional Dance & Dinner,cultural_theme_tours,445.07,0.005688458173441064
548,18275807,Airport Transfer Mpv Private (klia/klia2/skypark),transfers_ground_transport,123.63,0.00565960937680305
377,15787692,Glittering Night : KLCC Lake Symphony & The River of Life Tour from Kuala Lumpur,luxury_special_occasions,92.3,0.005646496287422134
165,12471462,Private Nature Trip to Cameron Highlands from Kuala Lumpur,recommended_experiences,515.13,0.005573062986889008
18,11449709,Pulau Payar Marine Park with Lunch from Langkawi,water_sports,470.95,0.005567817751136642
231,13088857,Penang 3D Trick Art Museum Admission,sightseeing_tickets_passes,24.31,0.005544214190250994
415,16861955,Bako National Park Day Trip with Sea Stack Rock Formation,outdoor_activities,322.4,0.005536346336622446
204,12939768,Animal Nature Lovers,private_custom_tours,228.61,0.00553110110087008
363,15534253,Cameron Highlands Tour with Lunch on Private Basis,luxury_special_occasions,473.92,0.00552323324724153
19,11449718,Round Penang Island Tour,cultural_theme_tours,92.72,0.005520610629365347
458,17401581,Langkawi Island Hoping (Shared Tour),water_sports,71.54,0.00551536539361298
198,12934938,Kinabatangan River Cruise,featured_tours_and_tickets,568.63,0.005497007068479699
583,19645686,Putrajaya e-Bike Tours | Experience 1st e-Bicycle Tour Malaysia,walking_biking_tours,61.82,0.005494384450603516
281,13950216,Best of Kuala Lumpur: Transit City Tour From Airport,luxury_special_occasions,329.68,0.005489139214851151
556,18935356,Langkawi Mangrove Night Safari,water_sports,177.21,0.005486516596974968
324,15040427,Sarawak Sunset River Cruise Tour,cruises_sailing_water_tours,161.13,0.005473403507594052
345,15150038,Kuala Lumpur Batu Caves & Little India Private Tour,walking_biking_tours,234.89,0.005441932093079855
477,17459800,Historical Malacca Day Tour from Kuala Lumpur,private_custom_tours,218.39,0.005434064239451307
262,13381246,"Templers Park, Batu Caves & Fireflies",recommended_experiences,432.71,0.005426196385822757
314,14781924,Private Sightseeing of Kula lumpur City with Local Lunch,private_custom_tours,185.45,0.005402592824937109
288,13989330,Kinabalu Park & Poring Hot Spring Tour,spa_tours,280.19,0.005347517849537265
571,19277360,Penang Tour With Your Experience Personal Driver ,transfers_ground_transport,293.63,0.0053448952316610815
157,12470913,Private Half-Day Kuala Lumpur City Tour with KL Tower Observation Deck Ticket,private_custom_tours,154.54,0.0053370273780325335
48,11470235,Penang Harmony Food Trail,food_wine_nightlife,296.72,0.00533440476015635
315,14801704,Private Cruise Excursions Kuala Lumpur City Tour from Port Klang Cruise Terminal,cultural_theme_tours,334.84,0.0052976881098897866
489,17516621,Sunset Cruise& Seafood Dinner & Firefly Watching by Catamaran ,luxury_special_occasions,412.11,0.005279329784756506
516,17683941,Malaysia Kinabalu Park Day Tour,luxury_special_occasions,206.05,0.005276707166880322
320,15005610,Gold Paradise Package,water_sports,267.87,0.005274084549004139
278,13807388,KL Butterfly Park Admission Ticket & Free Kuala Lumpur City Tour,tours_sightseeing,164.84,0.005250480988118492
501,17566121,Sg Kampar White Water Rafting Malaysia,transfers_ground_transport,164.84,0.005245235752366125
265,13387244,Ghost Museum Penang Admission Ticket,sightseeing_tickets_passes,14.63,0.005221632191480478
408,16823202,KidZania Kuala Lumpur Admission Ticket,family_friendly,38.57,0.005219009573604294
463,17404879,The Top Komtar Penang Admission Ticket,sightseeing_tickets_passes,56.82,0.005208519102099563
532,17743627,Encore Melaka (international Guests),sightseeing_tickets_passes,149.36,0.00520589648422338
304,14151594,Hot Deal!Half Day Glimpse of Kuala Lumpur Countryside+Batu Caves(Afternoon Tour),cultural_theme_tours,85.35,0.005203273866347197
576,19350559,Vespa Sunset Tour ,walking_biking_tours,226.66,0.005192783394842464
64,11479371,3-Day Mount Kinabalu Summit Hiking and Poring Hot Spring Stay,spa_tours,2884.35,0.005184915541213916
508,17618381,Like A Local: KL Heritage and Culture Walk,walking_biking_tours,148.36,0.005177047687585366
186,12880477,Bako National Park Rainforest Day Trip from Kuching,recommended_experiences,409.02,0.005156066744575902
155,12470687,Private Tour: Crab Island Sightseeing Boat Ride and Seafood Lunch,recommended_experiences,494.53,0.0051245953300617045
250,13203957,Small-Group Kuala Lumpur Half-Day City Tour,luxury_special_occasions,53.99,0.005087878679795143
374,15699067,Old Markets & Beyond: Kuala Lumpur Food Tour,walking_biking_tours,226.66,0.005082633444042776
472,17446042,Penang: Flexible Full-Day Adventures,shore_excursions,412.05,0.005072142972538043
475,17447504,Private Tour: Ipoh Secrets Full Day Heritage & Orang Utan Island,luxury_special_occasions,529.66,0.00506952035466186
266,13416078,Private Full Day Kinabalu National Park Tour with Canopy Walk Including Lunch,shore_excursions,257.57,0.005045916793776212
426,16913148,Ripley's Adventureland Genting Highland Admission Ticket,family_friendly,89.47,0.005040671558023846
495,17524753,Half Day Penang City Tour from Penang Island (4 Hours),food_wine_nightlife,115.39,0.005011822761385834
196,12932155,Cable Car and Oriental Village from Langkawi,cultural_theme_tours,144.24,0.005006577525633467
251,13215753,Cameron Highland Day Tour from Kuala Lumpur,recommended_experiences,465.68,0.004972483493243087
515,17683780, Sky-Mirror Photographing and Proboscis Monkey & Fireflies Watching River-Cruise,cruises_sailing_water_tours,164.84,0.004959370403862172
373,15689815,Elephant Sanctuary Tour ,luxury_special_occasions,336.19,0.004954125168109806
7,11449662,Matang Wildlife Centre and Kubah National Park with Lunch from Kuching,family_friendly,417.59,0.004925276371471792
296,14090225,Legoland Malaysia Admission Ticket,theme_parks,65.08,0.004912163282090877
399,16753483,"Malaysia Countryside, Batu Caves & Kuala Selangor Fireflies Tour",cruises_sailing_water_tours,508.54,0.004901672810586144
541,17823851,Flyboard Experience - SINGLE (30mins flight),water_sports,391.5,0.004875446631824314
12,11449686,Private Kuala Lumpur Grand Tour with Lunch,private_custom_tours,357.12,0.004862333542443399
344,15149917,TeddyVille Museum Admission Ticket,sightseeing_tickets_passes,34.95,0.004851843070938666
282,13957072,Kawang Forest Reserve Trekking,walking_biking_tours,300.84,0.004828239510053019
509,17619204,Four Hours Natasha Mangrove Tour (Sharing),walking_biking_tours,148.36,0.004820371656424469
313,14759139,Putrajaya City Tour from Kuala Lumpur including Sightseeing Cruise,luxury_special_occasions,263.75,0.004809881184919738
119,12463723,Genting Highlands Day Tour from Kuala Lumpur,day_trips_excursions,111.8,0.004775787152529357
122,12463731,Penang City Sightseeing Tour,recommended_experiences,343.86,0.004749560973767527
378,15803010,Admission Ticket - General,family_friendly,28.85,0.004746938355891343
301,14124720,Sepilok Orang Utan And Proboscis Monkey,air_helicopter_balloon_tours,609.92,0.004739070502262794
273,13534424,Langkawi Island Hopping Join Boat Tour with Transfer,luxury_special_occasions,88.6,0.004728580030758062
275,13641797,Melaka 5 Most Exciting Attractions Tour With Baba Nyonya Lunch,luxury_special_occasions,614.04,0.004712844323500965
97,11990787,i-City in Shah Alam Tour With Putrajaya Sightseeing from Kuala Lumpur,cruises_sailing_water_tours,515.12,0.004683995526862951
295,14071183,"SANDAKAN WILDLIFE Orang Utan, Proboscis Monkey, Sunbear SANCTUARIES",family_friendly,737.67,0.004668259819605851
181,12650988,4-Day Jungle Experience in Taman Negara from Kuala Lumpur,multiday_extended_tours,1889.95,0.004610562226329825
351,15186976,Private Kickstart Family Tour in Kuala Lumpur,walking_biking_tours,101.33,0.004600071754825092
457,17400473,Private Tour : Cameron Highlands Amazing Day Trip Tour with Local Lunch,private_custom_tours,412.11,0.004579090811815628
323,15016592,Mantanani Island Discover Snorkeling Tour from Kota Kinabalu,cruises_sailing_water_tours,391.5,0.004579090811815628
127,12465031,Crab Island Day Trip from Kuala Lumpur,recommended_experiences,247.26,0.004542374161549064
429,17018223,Malacca Day Tour (Price based per car),sightseeing_tickets_passes,859.24,0.004531883690044333
219,12965194,"Back to Nature : Sekinchan Paddy Field, Fishing Village & Fireflies Tour",recommended_experiences,508.54,0.0045213932185396
115,12463717,Best of Kuala Lumpur City Tour Including National Museum and National Monument,recommended_experiences,42.86,0.00451352536491105
497,17533335,Snorkeling Tour in Mantanani Island ,cruises_sailing_water_tours,309.08,0.004495167039777769
201,12939361,Private Full Day Gomantong Cave and Kinabatangan River Cruise with Lunch,private_custom_tours,360.59,0.0044794313325206715
309,14180028,Angry Birds Activity Park Admission Ticket,family_friendly,44.99,0.0044322242107493765
471,17446041, Penang: Flexible Half-Day Escapes,private_custom_tours,206.02,0.00442697897499701
448,17371590,Singapore to Kuala Lumpur Private Chauffeur Tour - 17 Hours [Car],food_wine_nightlife,3810.1,0.00442697897499701
386,15883606,Langkawi Mangrove Boat Tour,shore_excursions,329.68,0.004416488503492277
533,17771662,Gold Rejuvenate Facial ,spa_tours,359.72,0.004405998031987546
158,12471058,2-Hour Dinner at KL Tower Revolving Restaurant with 1-Way Transfer,food_wine_nightlife,349.26,0.004385017088978082
133,12466570,Genting Highlands Day Tour,recommended_experiences,140.12,0.004374526617473349
24,11449730,Private Transfer: Penang International Airport to Penang Beach or City Hotels,transfers_ground_transport,90.66,0.004353545674463884
297,14097542,Kuala Lumpur City Tour with Batu Cave Visit,cultural_theme_tours,181.33,0.004348300438711518
550,18749826,Genting Highlands Full Day Tour with Skyway Cable Car Tickets,luxury_special_occasions,121.2,0.004348300438711518
166,12471463,Private Amazing Taman Negara Day Trip from Kuala Lumpur Including Lunch,recommended_experiences,679.97,0.00433256473145442
443,17331390,Kuala Gandah Elephant Sanctuary Experience with Aborigine Settlement Visit,family_friendly,410.87,0.004285357609683125
113,12463714,"7-Day Best of Malaysia: Cameron Highlands, Penang, Kota Bharu and Terengganu Tour Round-Trip from Kuala Lumpur",multiday_extended_tours,3029.39,0.004261754048797478
55,11472141,A Taste of Borneo Cooking Class with Market Visit,local_experiences,309.08,0.0042591314309212945
462,17404878,Time Travel Imaginarium Admission Ticket,sightseeing_tickets_passes,20.91,0.004253886195168928
67,11481237,Private Penang City Tour,cultural_theme_tours,152.93,0.004253886195168928
575,19350513,Chef Samuel's Private Malaysian Cooking Class,featured_tours_and_tickets,700.48,0.004151604097997788
581,19500210,Kuala Lumpur City Tour Shore Excursions ,shore_excursions,342.0,0.004138491008616874
140,12467550,Day Trip Sunway Lagoon Theme Park with Round-Trip Transfer and Lunch,theme_parks,350.29,0.0041332457728645074
559,19011833,Private Tour : Genting Highlands and Batu Caves Day Trip,luxury_special_occasions,412.11,0.0041227553013597745
284,13960825,Penang Nature Tour including Penang Hill(Fast Lane) & Botanical Garden,recommended_experiences,320.21,0.00411751006560741
49,11470814,Full-Day Heritage Tour of Melaka from Kuala Lumpur,day_trips_excursions,391.5,0.00411751006560741
510,17633595,Kota Kinabalu Sunset Cruise Including Buffet Dinner,cruises_sailing_water_tours,610.91,0.004078170797464663
493,17517282,Market Visit & Garden-to-Table Cooking Class ,food_wine_nightlife,144.24,0.004054567236579015
263,13381248,Day Trip To Taman Negara (national Park Of Malaysia) ,outdoor_activities,783.0,0.004049322000826649
134,12466572,Fairy Caves and Wind Caves from Kuching City,outdoor_activities,206.05,0.004028341057817185
139,12467426,Half-Day Sightseeing Tour of Miri City,tours_sightseeing,182.11,0.004012605350560087
402,16796613,Johor Bahru Hotel Pick Up Car Tour,luxury_special_occasions,580.05,0.00400736011480772
540,17823850,Flyboard Experience - TWIN (2 x 30mins flight),water_sports,696.46,0.003996869643302987
335,15135877,Full Day Tour in Mantanani,day_trips_excursions,284.35,0.003989001789674439
357,15303345,Klias Wildlife Safari River Cruise from Kota Kinabalu,outdoor_activities,226.66,0.003915568489141314
585,19758497,Penang Morning Cruise Excursion Heritage Tour by Bicycle & Trishaw (Hawker Food),walking_biking_tours,241.08,0.003902455399760398
6,11449659,Sarawak Cultural Village Tour from Kuching,tours_sightseeing,181.33,0.003884097074627116
436,17223382,Full Day Tour- Pulau Payar Platform,water_sports,370.9,0.0038788518388747505
560,19058177,Countryside & Batu Caves Tour from Kuala Lumpur,private_custom_tours,118.48,0.0038709839852462007
326,15041374,Sedan Airport Transfer KLIA Klia2 to Kuala Lumpur City Hotel,transfers_ground_transport,115.83,0.0038395125707320044
247,13198504,"Cameron Highlands, Garden of Nature Full Day Tour",recommended_experiences,423.68,0.0038132863919701737
494,17517466,Kota Kinabalu Kiulu White Water Rafting,water_sports,226.66,0.0038132863919701737
479,17460071,Mount Trusmadi Climb - 3 Days,multiday_extended_tours,2349.0,0.003787060213208343
570,19239309,Langkawi Underwater World Admission Ticket,sightseeing_tickets_passes,55.63,0.0037818149774559765
568,19148009,Cameron Highlands One Day Trip from Kuala Lumpur Privately Organised ,private_custom_tours,407.98,0.0037319852378084983
129,12465561,Full-Day Sepilok Orangutan and Sun Bear and Sandakan City Trail,family_friendly,494.53,0.003711004294799034
147,12468763,"Kuala Lumpur Private Half-Day Family Tour of Nature, Birds and Butterflies",recommended_experiences,350.29,0.0037057590590466685
306,14176087,Private Full Day Tour : Cameron Highlands with Batu Caves Stopover,luxury_special_occasions,535.74,0.0036978912054181187
144,12468662,Private Tour:Top Ten Wonders of Kuala Lumpur Including Petronas Twin Towers,recommended_experiences,618.16,0.003692645969665753
126,12465016,Historical Malacca Day Trip from Kuala Lumpur,recommended_experiences,247.26,0.00368215549816102
283,13957106,Penang Night Tour with The TOP Admission Tickets & Trishaw Ride,recommended_experiences,330.06,0.003661174555151556
496,17533287,Fish Falls Adventure,outdoor_activities,234.9,0.0036559293193991894
54,11471756,Cameron Highland Tour - 1 Day,recommended_experiences,927.24,0.003632325758513542
199,12934939,White Water Rafting and Zipline Adventure Day tour,outdoor_activities,309.08,0.0035877412546184303
117,12463721,Sunway Lagoon Theme Park Day Trip from Kuala Lumpur,theme_parks,240.01,0.0035798734009898814
33,11452960,A Taste of Penang: Small Group Food Tour,recommended_experiences,234.9,0.0035693829294851484
511,17681218,Snorkeling Adventure at Pulau Payar Langkawi ,water_sports,243.27,0.0035615150758565996
371,15634138,KLIA Ekspres Airport Train Tickets,transfers_ground_transport,51.82,0.0035510246043518674
66,11481234,Private Street of Harmony Walking Tour from Penang,walking_biking_tours,162.2,0.0035247984255900367
393,16677140,Penang Heritage Experience Walking Tour,walking_biking_tours,309.08,0.0034933270110758395
300,14121084,Saloma Homestay - Kuching - Sarawak,outdoor_activities,803.61,0.003490704393199657
401,16796506,Kuala Lumpur Airport Arrival Transfer,luxury_special_occasions,34.08,0.003480213921694925
271,13454091,"Kuala Lumpur Garden, Park & Museum Tour With Lunch",recommended_experiences,695.43,0.0034330067999236292
435,17182021,Private: Fireflies and Monkey Hills Tour,outdoor_activities,317.32,0.003412025856914165
449,17371919,Twinkling Kuala Selangor Firefly Boat Tour from Kuala Lumpur,luxury_special_occasions,240.96,0.003375309206647602
362,15358990,Sky Mirror Experiences at Kuala Selangor from Kuala Lumpur,luxury_special_occasions,370.9,0.0033674413530190533
507,17617815,3D2N Sukau Wildlife Experience,multiday_extended_tours,1442.37,0.0033307247027524896
330,15101951,AVANI Sepang Goldcoast Resort Hotel TO Kuala Lumpur Hotel Door to Door Transfer,transfers_ground_transport,90.66,0.003325479467000124
440,17330147,Wonderful Fireflies & Silvered Leaf Monkey Tour Private,private_custom_tours,288.47,0.0032835175809811947
143,12468330,Private Tour: Half-Day Shopping and Market Exploration in Kuala Lumpur,walking_biking_tours,123.63,0.0032808949631050115
291,14014894,3 Days Private Vehicle With Driver -Explore Malaysia By Your Own Plans,transfers_ground_transport,3255.64,0.003275649727352646
25,11449731,Private Transfer: Penang Beach or City Hotels to Penang International Airport,transfers_ground_transport,90.66,0.0032625366379717305
367,15597361,Nanamun Sunset Beach ATV & Fireflies ,outdoor_activities,329.68,0.003238933077086083
582,19586701,Boeing 737-800 flight simulator session. City Flyer - 60 Mins,tours_sightseeing,618.16,0.0032231973698289844
130,12465578,Manukan Island Day Trip from Kota Kinabalu,water_sports,379.14,0.003131405744162577
528,17717627,Tunku Abdul Rahman Marine Park Snorkeling&BananaBoat Tour With Transfer&BBQlunch,water_sports,90.66,0.003131405744162577
87,11807020,Exotic Borneo Jungle Biking Adventure from Kuching,walking_biking_tours,239.02,0.0031287831262863945
432,17062795,Miri Nature Trails at Niah National Park,luxury_special_occasions,288.47,0.003120915272657845
577,19356149,Private Airport Transfer,private_custom_tours,82.42,0.003102556947524564
138,12467425,Historical Niah National Park Day Trip from Miri,cultural_theme_tours,300.63,0.003094689093896014
380,15830046,A Private Invitation to a Tropical Hidden Oasis in Kuala Lumpur,luxury_special_occasions,494.53,0.0030920664760198317
213,12948152,Spectacular Sky Mirror from Kuala Lumpur,cruises_sailing_water_tours,523.37,0.003065840297258001
310,14187878,Mangrove & Irrawaddy Dolphin Watching Cruise from Kuching,tours_sightseeing,230.78,0.0030605950615056345
538,17809201,Kitchenvio - Best authentic Malaysian Food Cooking Class,food_wine_nightlife,206.05,0.003036991500619987
27,11450592,Kuching International Airport Plaza Premium Lounge,transfers_ground_transport,141.96,0.003016010557610523
168,12471469,Putrajaya and Agriculture Heritage Park Tour from Kuala Lumpur,luxury_special_occasions,185.45,0.0029950296146010577
445,17335473,Private Tour : The Best of Kuala Lumpur - Full Day Tour with Petronas Twin Tower,day_trips_excursions,325.56,0.002968803435839227
244,13198370,Kota Kinabalu International Airport Hotel Transfer,transfers_ground_transport,67.79,0.0029530677285821293
277,13807387,Kuala Lumpur Petronas Twin Towers Admission Tickets with Free City Tour,sightseeing_tickets_passes,267.87,0.0029163510783155665
347,15184671,Beautiful Twin Islands Hopping,day_trips_excursions,225.56,0.0028901248995537357
460,17404873,Underwater World Langkawi Admission Ticket,family_friendly,38.1,0.00284291777778244
561,19059038,Terengganu Private Tour,shore_excursions,494.53,0.0028376725420300743
325,15040683,"Singapore Private Tour: Explore Malaysia, Johore Bahru City",shore_excursions,1295.43,0.0028376725420300743
131,12465692,Full-Day Orangutan and Proboscis Monkey Tour from Sandakan or Kota Kinabalu,family_friendly,611.15,0.002832427306277708
537,17777294,KLIA - Airport Transfers ,transfers_ground_transport,85.51,0.0028088237453920604
476,17459437,Cameron Highlands 3 Days 2 Night Tours Private (per Vehicle),multiday_extended_tours,2472.64,0.0028035785096396947
557,19010250,Penang Island 4 Hours City Tour,private_custom_tours,101.17,0.0027694844772493143
356,15303344,Pulau Tiga Survivor Island and Klias River Cruise Tour,shore_excursions,453.32,0.002766861859373132
319,15005609,Silver Paradise Package,water_sports,214.3,0.0027511261521160333
280,13857471,Melaka Upside Down House Admission Tickets,sightseeing_tickets_passes,20.61,0.002738013062735118
222,12968566,Private Dinner @ The Top + Skywalk from Penang,private_custom_tours,412.11,0.002738013062735118
163,12471377,Klias River Nature and Wildlife Cruise from Kota Kinabalu Including Fireflies Watching,shore_excursions,463.62,0.002719654737601836
256,13285525,Kota Kinabalu City and Nature Tour,cultural_theme_tours,309.08,0.0026829380873352733
525,17715736,Base on Group: Kuala Lumpur Airport Arrival Transfer,transfers_ground_transport,100.97,0.00265408929069726
137,12467423,3-Day Adventure in Mulu National Park,multiday_extended_tours,1312.97,0.0026383535834401616
564,19076462,Double Island Hopping ,cruises_sailing_water_tours,288.47,0.0025885238437926834
286,13973830,Sunway Lagoon: Admission Ticket & 2-Way Transfer,theme_parks,288.47,0.002572788136535585
376,15778869,Half-Day Kuala Lumpur City Tour including The River of Life,luxury_special_occasions,92.31,0.0025386941041452052
392,16653942,"Teluk Intan Firefly Marvels River Safari(River Cruises, Firefly Watching Tour)",cruises_sailing_water_tours,61.82,0.0025386941041452052
566,19145457,The Best of Kuala Lumpur at Night Tour,luxury_special_occasions,41.21,0.002536071486269022
422,16910924,Private Tour : Funtastics Genting Highlands,private_custom_tours,315.26,0.002496732218126276
341,15142461,Top of the World - Sunrise Leisure Hike St. Veronica Hill,outdoor_activities,313.95,0.0024521477142311642
434,17182020,Marina Jetty Pangkor Laut or Lumut Jetty Transfer from Kuala Lumpur,private_custom_tours,737.67,0.0024521477142311642
173,12567150,Flying Dogs and Sunset Tour,cruises_sailing_water_tours,370.9,0.0024521477142311642
172,12566924,Aromatherapy Massage and Full Body Scrub Spa Treatment,spa_tours,177.18,0.002402317974583686
269,13425699,Sepilok Orang Utan & Sandakan City Tour,luxury_special_occasions,881.91,0.002352488234936208
294,14070795,Malacca - Gateway Of The Far East (Full Day Tour),luxury_special_occasions,368.82,0.002331507291926743
68,11481238,Private George Town Heritage Tour from Penang,cultural_theme_tours,176.18,0.0022423382841365185
379,15803015,Glittering Night : Fireflies & KLCC Lake Symphony Tour from Kuala Lumpur,sightseeing_tickets_passes,419.52,0.002197753780241407
272,13473623,"Malaysian Countryside - Batu Caves, Waterfalls and Hot Springs Tour With Lunch",recommended_experiences,560.46,0.0021164526260797315
514,17683154,Cameron Highlands Day Trip(Price based Per Car),food_wine_nightlife,774.76,0.0020876038294417184
447,17349657,Discover Mangrove Forest and Cave Tour in Langkawi (Shared Tour),luxury_special_occasions,114.48,0.002053509797051338
151,12469876,Private Half-Day Putrajaya Tour with Lake Cruise from Kuala Lumpur,luxury_special_occasions,247.26,0.002045641943422789
242,13166274,Private Tour : Half-Day Kuala Lumpur City Highlights,private_custom_tours,92.71,0.0019800764965182123
406,16822661,Orang Utan Island and Perak Tong Cave Temple Day Tour from Kuala Lumpur ,private_custom_tours,400.57,0.0019276241389945517
573,19346305,Batu Caves and Watching Fireflies in Kuala Selangor,private_custom_tours,280.23,0.0018987753423565378
261,13351935,Borneo Kellybays Mangrove Cruise & Crab Catching Tour from Kota Kinabalu,cruises_sailing_water_tours,296.72,0.0018830396350994392
234,13135022,Private Half Day Kota Kinabalu City Tour,private_custom_tours,154.54,0.001793870627309215
530,17719000,Putrajaya City Tour,cultural_theme_tours,131.87,0.0017702670664235674
446,17348626,Cameron Highlands Tour With En Route To Batu Caves,private_custom_tours,462.09,0.0017020790016428083
183,12651155,Full-Day Kinabalu Park and Poring Hot Spring Day Trip,shore_excursions,321.44,0.0016863432943857097
551,18755708,ESCAPE Penang Admission Ticket,theme_parks,171.61,0.0016417587904905971
185,12880476,Half-day Kuching Wetlands National Park Mangrove Cruise,tours_sightseeing,453.32,0.001620777847481133
390,16642004,Kuching Bike & Cook,walking_biking_tours,337.93,0.0015184957503099933
40,11462356,Hot Spring and Templers Park Waterfall Tour from Kuala Lumpur - 1 Day,outdoor_activities,383.26,0.0015106278966814444
428,16939354,KL Hop On Hop Off Bus Pass,featured_tours_and_tickets,61.81,0.0014922695715481626
65,11479372,Weston Fireflies River Cruise from Kota Kinabalu City,family_friendly,309.04,0.001429326742519769
465,17405351,Weston Wetland Rivercruise & Fireflies,outdoor_activities,247.26,0.0013191767917200806
101,11991534,Bukit Merah Orang Utan Island Tour and Ipoh from Kuala Lumpur,recommended_experiences,801.64,0.0013165541738438973
419,16878010,Pangkor Laut Transfer from KLIA (Per Car Basis) ,transfers_ground_transport,799.49,0.0012247625481774907
206,12942405,Overnight at Gopeng from Kuala Lumpur,multiday_extended_tours,1978.11,0.0012195173124251242
308,14180026,Austin Heights Water & Adventure Park,theme_parks,67.06,0.0012142720766727586
563,19066812,Kuala Lumpur Half Day City Tour,luxury_special_occasions,41.21,0.0012142720766727586
205,12939865,Kota Kinabalu City Tour,day_trips_excursions,218.42,0.00119853636941566
328,15067955,Kuala Lumpur International Airport Arrival Or Departure Transfer,transfers_ground_transport,103.03,0.0011041221258730693
522,17688391,3 in 1 Combo Satang Island Day Trip,sightseeing_tickets_passes,391.49,0.000996594792949564
433,17064639,Legoland Malaysia in Johor Bahru Admission Ticket,theme_parks,79.54,0.0009415198175497194
466,17419540,Batu Caves & Genting Highland Day Tour Include 2-Way Skyway Cable Car Ride,cultural_theme_tours,218.95,0.0009231614924164384
42,11463611,Day Tour Hill Resort Cameron Highlands With Batu Caves ,food_wine_nightlife,618.16,0.0009074257851593398
531,17719711,Fraser's Hill Bird-Watching & Nature Sightseeing Tour from Kuala Lumpur,luxury_special_occasions,498.65,0.0006032021115221042
395,16722649,Langkawi International Airport Plaza Premium Lounge,transfers_ground_transport,141.96,0.0
